{"count":1,"self":24.9422464,"total":24.949068999999998,"children":{"AgentResetIfDone":{"count":526,"self":0.0032559999999999998,"total":0.0032559999999999998,"children":null},"AgentSendState":{"count":526,"self":0.000593,"total":0.000593,"children":null},"DecideAction":{"count":526,"self":0.000547,"total":0.000547,"children":null},"AcademyStep":{"count":526,"self":0.00054,"total":0.00054,"children":null},"AgentAct":{"count":526,"self":0.00045999999999999996,"total":0.00045999999999999996,"children":null}}}