{"count":1,"self":3.56981,"total":3.5750469999999996,"children":{"AgentResetIfDone":{"count":121,"self":0.0020729999999999998,"total":0.0020729999999999998,"children":null},"AgentSendState":{"count":121,"self":0.00045599999999999997,"total":0.00045599999999999997,"children":null},"DecideAction":{"count":121,"self":0.00049,"total":0.00049,"children":null},"AcademyStep":{"count":121,"self":0.000495,"total":0.000495,"children":null},"AgentAct":{"count":121,"self":0.000538,"total":0.000538,"children":null}}}